pas de temps h;N pas de temps;erreur;temps de calcul
0.1;str(2//pas_de_temps[i]);-2.33911968399e-05;1.0584114534140099e-05;
0.01;str(2//pas_de_temps[i]);-1.49148856053e-07;6.735345777997281e-05;
0.001;str(2//pas_de_temps[i]);-1.42585930804e-09;0.0006209347375261132;
0.0001;str(2//pas_de_temps[i]);-1.41945735635e-11;0.0061682938403464505;
1e-05;str(2//pas_de_temps[i]);-1.41881874424e-13;0.06406917520871502;
1e-06;str(2//pas_de_temps[i]);-1.41875489883e-15;0.6535376602050746;
